{"cameraMode":{"drawMode":0,"name":"Shaded","section":"Shading Mode"},"sceneLighting":true,"audioPlay":false,"sceneViewState":{"m_AlwaysRefresh":false,"showFog":true,"showSkybox":true,"showFlares":true,"showImageEffects":true,"showParticleSystems":true,"showVisualEffectGraphs":true,"m_FxEnabled":true},"in2DMode":false,"pivot":{"x":-0.7973721623420715,"y":2.6623356342315676,"z":1.7810617685317994},"rotation":{"x":0.033220116049051288,"y":-0.06954079121351242,"z":0.002371320966631174,"w":0.9970740079879761},"size":5.641749382019043,"orthographic":false}