{"cameraMode":{"drawMode":0,"name":"Shaded","section":"Shading Mode"},"sceneLighting":false,"audioPlay":false,"sceneViewState":{"m_AlwaysRefresh":false,"showFog":true,"showSkybox":false,"showFlares":true,"showImageEffects":true,"showParticleSystems":true,"showVisualEffectGraphs":true,"m_FxEnabled":true},"in2DMode":false,"pivot":{"x":-0.009002640843391419,"y":-0.453841894865036,"z":0.027669476345181466},"rotation":{"x":0.06785685569047928,"y":0.6120256185531616,"z":-0.052827369421720508,"w":0.7861487865447998},"size":3.6521899700164797,"orthographic":false}